ts,model,custom_id,input_tokens,output_tokens,cache_creation_input_tokens,cache_read_input_tokens
2026-07-10T01:56:38,claude-sonnet-5,ML26140A011,3128,4461,0,12917
2026-07-10T01:56:38,claude-sonnet-5,ML26127A309,1980,3542,0,12917
2026-07-10T01:56:38,claude-sonnet-5,ML26114A183,1361,3201,0,12917
2026-07-10T01:56:38,claude-sonnet-5,ML25122A139,1651,3348,0,12917
2026-07-10T01:56:38,claude-sonnet-5,ML26022A036,1992,3288,12917,0
2026-07-10T01:56:38,claude-sonnet-5,ML26127A317,2210,4772,0,12917
2026-07-10T01:56:38,claude-sonnet-5,ML26146A061,2624,2636,0,12917
2026-07-10T01:56:38,claude-sonnet-5,ML26149A009,2162,5190,0,12917
2026-07-10T01:56:38,claude-sonnet-5,ML26119A585,1984,3839,0,12917
2026-07-10T01:56:38,claude-sonnet-5,ML26125A399,1064,3100,0,12917
2026-07-12T22:03:08,claude-sonnet-5,ML23122A016,1517,3326,12917,0
2026-07-12T22:03:08,claude-sonnet-5,ML21182A291,7226,5107,12917,0
2026-07-12T22:03:08,claude-sonnet-5,ML23346A154,2948,4072,0,12917
2026-07-12T22:03:08,claude-sonnet-5,ML21172A302,355,1510,0,12917
2026-07-12T22:03:08,claude-sonnet-5,ML21105A850,4530,5795,0,12917
2026-07-12T22:03:08,claude-sonnet-5,ML21078A049,371,1277,0,12917
2026-07-12T22:03:08,claude-sonnet-5,ML25258A159,3878,4996,0,12917
2026-07-12T22:03:08,claude-sonnet-5,ML24312A416,348,899,0,12917
2026-07-12T22:03:08,claude-sonnet-5,ML23275A053,358,1612,0,12917
2026-07-12T22:03:08,claude-sonnet-5,ML25226A035,1333,3734,0,12917
2026-07-12T22:03:08,claude-sonnet-5,ML20234A417,2762,4755,0,12917
2026-07-12T22:03:08,claude-sonnet-5,ML20330A283,492,1985,0,12917
2026-07-12T22:03:08,claude-sonnet-5,ML21064A212,2336,6358,0,12917
2026-07-12T22:03:08,claude-sonnet-5,ML25156A246,1449,4235,0,12917
2026-07-12T22:03:08,claude-sonnet-5,ML25303A285,2317,4793,0,12917
2026-07-12T22:03:08,claude-sonnet-5,ML25342A007,1361,3028,0,12917
2026-07-12T22:03:08,claude-sonnet-5,ML25205A149,386,1699,0,12917
2026-07-12T22:03:08,claude-sonnet-5,ML21315A006,4683,4131,0,12917
2026-07-12T22:03:08,claude-sonnet-5,ML22159A196,3478,4026,0,12917
2026-07-12T22:03:08,claude-sonnet-5,ML22101A186,1856,3290,12917,0
2026-07-12T22:03:08,claude-sonnet-5,ML20171A393,3015,5359,0,12917
2026-07-12T22:03:08,claude-sonnet-5,ML25174A283,1337,3528,0,12917
2026-07-12T22:03:08,claude-sonnet-5,ML24330A060,3382,4722,0,12917
2026-07-12T22:03:08,claude-sonnet-5,ML22304A009,3172,4033,0,12917
2026-07-12T22:03:08,claude-sonnet-5,ML21271A271,2391,5238,0,12917
2026-07-12T22:03:08,claude-sonnet-5,ML20170A531,2597,4084,0,12917
2026-07-12T22:03:08,claude-sonnet-5,ML24022A224,402,1056,0,12917
2026-07-12T22:03:08,claude-sonnet-5,ML20188A257,5192,4409,0,12917
2026-07-12T22:03:08,claude-sonnet-5,ML24116A117,1610,3986,0,12917
2026-07-12T22:03:08,claude-sonnet-5,ML23364A001,439,1560,0,12917
2026-07-12T22:03:08,claude-sonnet-5,ML26075C887,2740,4340,0,12917
2026-07-12T22:03:08,claude-sonnet-5,ML26044A254,510,1019,0,12917
2026-07-12T22:03:08,claude-sonnet-5,ML25268A050,1850,5131,0,12917
2026-07-12T22:03:08,claude-sonnet-5,ML21305A874,375,1259,0,12917
2026-07-12T22:03:08,claude-sonnet-5,ML26023A162,2733,5597,0,12917
2026-07-12T22:03:08,claude-sonnet-5,ML25314A119,2016,3153,0,12917
2026-07-12T22:03:08,claude-sonnet-5,ML23306A048,1176,2717,0,12917
2026-07-12T22:03:08,claude-sonnet-5,ML23107A190,2415,3976,0,12917
2026-07-12T22:03:08,claude-sonnet-5,ML22151A121,1611,3098,0,12917
2026-07-12T22:03:08,claude-sonnet-5,ML24234A326,624,2258,0,12917
2026-07-12T22:03:08,claude-sonnet-5,ML21320A354,1143,3974,0,12917
2026-07-12T22:03:08,claude-sonnet-5,ML25293A384,1869,4338,0,12917
2026-07-12T22:03:08,claude-sonnet-5,ML20311A129,2301,3657,0,12917
2026-07-12T22:03:08,claude-sonnet-5,ML21140A411,1709,3110,0,12917
2026-07-12T22:03:08,claude-sonnet-5,ML24177A322,2425,3495,0,12917
2026-07-12T22:03:08,claude-sonnet-5,ML21119A005,2540,5065,0,12917
2026-07-12T22:03:08,claude-sonnet-5,ML25258A204,2134,4207,0,12917
2026-07-12T22:03:08,claude-sonnet-5,ML25274A095,1661,4342,0,12917
2026-07-12T22:03:08,claude-sonnet-5,ML21175A057,4352,4762,0,12917
2026-07-12T22:03:08,claude-sonnet-5,ML23145A178,680,3467,0,12917
2026-07-12T22:03:08,claude-sonnet-5,ML22160A432,659,1371,0,12917
2026-07-12T22:03:08,claude-sonnet-5,ML21172A303,1893,3743,0,12917
2026-07-12T22:03:08,claude-sonnet-5,ML22049B535,375,905,0,12917
2026-07-12T22:03:08,claude-sonnet-5,ML22075A087,4158,5701,0,12917
2026-07-12T22:03:08,claude-sonnet-5,ML25254A061,4331,5224,0,12917
2026-07-12T22:03:08,claude-sonnet-5,ML21363A084,2752,3950,0,12917
2026-07-12T22:03:08,claude-sonnet-5,ML25351A150,1869,2854,0,12917
2026-07-12T22:03:08,claude-sonnet-5,ML25295A315,2509,3558,0,12917
2026-07-12T22:03:08,claude-sonnet-5,ML24250A179,3258,3685,0,12917
2026-07-12T22:03:08,claude-sonnet-5,ML22089A238,925,3236,0,12917
2026-07-12T22:03:08,claude-sonnet-5,ML21152A033,1417,3578,0,12917
2026-07-12T22:03:08,claude-sonnet-5,ML25202A164,4443,4991,0,12917
2026-07-12T22:03:08,claude-sonnet-5,ML22290A172,1160,2819,0,12917
2026-07-12T22:03:08,claude-sonnet-5,ML22137A035,1373,2654,0,12917
2026-07-12T22:03:08,claude-sonnet-5,ML20115E369,4521,3557,0,12917
2026-07-12T22:03:08,claude-sonnet-5,ML25363A104,2986,4104,0,12917
2026-07-12T22:03:08,claude-sonnet-5,ML20244A365,3740,5010,0,12917
2026-07-12T22:03:08,claude-sonnet-5,ML21015A017,353,1133,0,12917
2026-07-12T22:03:08,claude-sonnet-5,ML25044A064,3159,3774,0,12917
2026-07-12T22:03:08,claude-sonnet-5,ML24130A090,2615,2680,0,12917
2026-07-12T22:03:08,claude-sonnet-5,ML25307A221,2950,3625,0,12917
2026-07-12T22:03:08,claude-sonnet-5,ML25161A146,1691,4642,0,12917
2026-07-12T22:03:08,claude-sonnet-5,ML20325A147,4052,4123,0,12917
2026-07-12T22:03:08,claude-sonnet-5,ML22088A024,2649,3848,0,12917
2026-07-12T22:03:08,claude-sonnet-5,ML24136A211,2776,4650,0,12917
2026-07-12T22:03:08,claude-sonnet-5,ML21231A136,2312,4372,0,12917
2026-07-12T22:03:08,claude-sonnet-5,ML25275A606,1898,3490,0,12917
2026-07-12T22:03:08,claude-sonnet-5,ML22104A257,4268,4226,0,12917
2026-07-12T22:03:08,claude-sonnet-5,ML21084A234,459,1927,0,12917
2026-07-12T22:03:08,claude-sonnet-5,ML25338A159,4319,4117,0,12917
2026-07-12T22:03:08,claude-sonnet-5,ML24183A174,4130,4865,0,12917
2026-07-12T22:03:08,claude-sonnet-5,ML20177A143,3717,4307,0,12917
2026-07-12T22:04:05,claude-sonnet-5,ML20196L832,4000,4240,0,12917
2026-07-12T22:04:05,claude-sonnet-5,ML22083A168,2280,5011,0,12917
2026-07-12T22:04:05,claude-sonnet-5,ML24198A025,4240,4312,0,12917
2026-07-12T22:04:05,claude-sonnet-5,ML23335A068,3940,4817,12917,0
2026-07-12T22:04:05,claude-sonnet-5,ML23342A122,2871,3868,0,12917
2026-07-12T22:04:05,claude-sonnet-5,ML23053A354,6209,4671,12917,0
2026-07-12T22:04:05,claude-sonnet-5,ML22020A402,2865,4832,0,12917
2026-07-12T22:04:05,claude-sonnet-5,ML22033A065,1967,4359,12917,0
2026-07-12T22:04:05,claude-sonnet-5,ML23212B015,4987,4157,0,12917
2026-07-12T22:04:05,claude-sonnet-5,ML23026A333,2481,4289,12917,0
2026-07-12T22:04:05,claude-sonnet-5,ML23312A176,3719,5188,12917,0
2026-07-12T22:04:05,claude-sonnet-5,ML21027A171,4929,4327,0,12917
2026-07-12T22:04:05,claude-sonnet-5,ML25281A097,1363,3824,12917,0
2026-07-12T22:04:05,claude-sonnet-5,ML23058A432,1188,3238,12917,0
2026-07-12T22:04:05,claude-sonnet-5,ML24344A197,2501,4330,0,12917
2026-07-12T22:04:05,claude-sonnet-5,ML24081A121,2417,5259,0,12917
2026-07-12T22:04:05,claude-sonnet-5,ML23129A791,3027,3198,0,12917
2026-07-12T22:04:05,claude-sonnet-5,ML23334A228,1547,3747,12917,0
2026-07-12T22:04:05,claude-sonnet-5,ML22349A084,3994,4818,0,12917
2026-07-12T22:04:05,claude-sonnet-5,ML20353A109,3218,3349,0,12917
2026-07-12T22:04:05,claude-sonnet-5,ML26119A537,2083,3860,12917,0
2026-07-12T22:04:05,claude-sonnet-5,ML20100K071,3214,3435,12917,0
2026-07-12T22:04:05,claude-sonnet-5,ML22342B247,1748,2819,0,12917
2026-07-12T22:04:05,claude-sonnet-5,ML26085A023,3656,5023,0,12917
2026-07-12T22:04:05,claude-sonnet-5,ML26114A183,1361,3347,0,12917
2026-07-12T22:04:05,claude-sonnet-5,ML23262A958,1499,4159,0,12917
2026-07-12T22:04:05,claude-sonnet-5,ML23285A040,672,2510,12917,0
2026-07-12T22:04:05,claude-sonnet-5,ML23251A141,3286,4451,12917,0
2026-07-12T22:04:05,claude-sonnet-5,ML24215A408,5104,4180,0,12917
2026-07-12T22:04:05,claude-sonnet-5,ML23331A967,1570,3007,0,12917
2026-07-12T22:04:05,claude-sonnet-5,ML24163A306,2749,6107,0,12917
2026-07-12T22:04:05,claude-sonnet-5,ML21230A030,710,2061,12917,0
2026-07-12T22:04:05,claude-sonnet-5,ML22229A090,1807,3953,0,12917
2026-07-12T22:04:05,claude-sonnet-5,ML24176A102,4769,4261,12917,0
2026-07-12T22:04:05,claude-sonnet-5,ML25066A110,3074,4052,0,12917
2026-07-12T22:04:05,claude-sonnet-5,ML22196A020,2530,6228,0,12917
2026-07-12T22:04:05,claude-sonnet-5,ML20330A267,2570,3497,0,12917
2026-07-12T22:04:05,claude-sonnet-5,ML22244A135,2698,3976,12917,0
2026-07-12T22:04:05,claude-sonnet-5,ML20105B225,3080,4152,0,12917
2026-07-12T22:04:05,claude-sonnet-5,ML24141A120,2518,3909,12917,0
2026-07-12T22:04:05,claude-sonnet-5,ML20189A179,5996,6255,0,12917
2026-07-12T22:04:05,claude-sonnet-5,ML22222A122,2810,5091,12917,0
2026-07-12T22:04:05,claude-sonnet-5,ML24039A186,2927,3557,12917,0
2026-07-12T22:04:05,claude-sonnet-5,ML24302A223,3867,3593,12917,0
2026-07-12T22:04:05,claude-sonnet-5,ML23249A177,1536,4304,0,12917
2026-07-12T22:04:05,claude-sonnet-5,ML26125A399,1064,3088,0,12917
2026-07-12T22:04:05,claude-sonnet-5,ML24249A074,2581,3939,12917,0
2026-07-12T22:04:05,claude-sonnet-5,ML26078A025,3479,3882,0,12917
2026-07-12T22:04:05,claude-sonnet-5,ML25293A255,1986,4058,0,12917
2026-07-12T22:04:05,claude-sonnet-5,ML21315A010,1963,4578,12917,0
2026-07-12T22:04:05,claude-sonnet-5,ML22270A020,1130,2742,12917,0
2026-07-12T22:04:05,claude-sonnet-5,ML23128A133,3010,5035,12917,0
2026-07-12T22:04:05,claude-sonnet-5,ML23004A205,2513,4018,12917,0
2026-07-12T22:04:05,claude-sonnet-5,ML21209A105,1518,3253,12917,0
2026-07-12T22:04:05,claude-sonnet-5,ML22147A132,2652,4421,0,12917
2026-07-12T22:04:05,claude-sonnet-5,ML20070H650,3166,3643,0,12917
2026-07-12T22:04:05,claude-sonnet-5,ML21315A001,2186,5600,12917,0
2026-07-12T22:04:05,claude-sonnet-5,ML20286A166,3255,6050,12917,0
2026-07-12T22:04:05,claude-sonnet-5,ML25230A239,1251,3527,0,12917
2026-07-12T22:04:05,claude-sonnet-5,ML22014A174,3121,4385,12917,0
2026-07-12T22:04:05,claude-sonnet-5,ML25324A399,2025,5055,0,12917
2026-07-12T22:04:05,claude-sonnet-5,ML21323A150,3047,5129,12917,0
2026-07-12T22:04:05,claude-sonnet-5,ML20143A188,5511,5017,0,12917
2026-07-12T22:04:05,claude-sonnet-5,ML20134J102,2071,3498,12917,0
2026-07-12T22:04:05,claude-sonnet-5,ML23150A162,2021,4455,12917,0
2026-07-12T22:04:05,claude-sonnet-5,ML23222A257,2436,4972,0,12917
2026-07-12T22:04:05,claude-sonnet-5,ML20134H975,4862,4409,12917,0
2026-07-12T22:04:05,claude-sonnet-5,ML26104A367,1360,3013,12917,0
2026-07-12T22:04:05,claude-sonnet-5,ML24162A325,2054,3727,12917,0
2026-07-12T22:04:05,claude-sonnet-5,ML25143A119,2072,3698,0,12917
2026-07-12T22:04:05,claude-sonnet-5,ML23236A544,2958,3833,0,12917
2026-07-12T22:04:05,claude-sonnet-5,ML20283A373,3655,4438,12917,0
2026-07-12T22:04:05,claude-sonnet-5,ML25141A212,3829,4897,0,12917
2026-07-12T22:04:05,claude-sonnet-5,ML21327A024,3053,3476,12917,0
2026-07-12T22:04:05,claude-sonnet-5,ML21027A120,459,1948,12917,0
2026-07-12T22:04:05,claude-sonnet-5,ML24218A080,1085,2512,12917,0
2026-07-12T22:04:05,claude-sonnet-5,ML25065A080,1199,3075,0,12917
2026-07-12T22:04:05,claude-sonnet-5,ML24102A123,1706,4043,12917,0
2026-07-12T22:04:05,claude-sonnet-5,ML22151A327,4433,3637,12917,0
2026-07-12T22:04:05,claude-sonnet-5,ML21267A024,2287,3434,0,12917
2026-07-12T22:04:05,claude-sonnet-5,ML23341A209,1504,3767,12917,0
2026-07-12T22:04:05,claude-sonnet-5,ML21139A096,3258,5377,0,12917
2026-07-12T22:04:05,claude-sonnet-5,ML22188A133,4912,3741,12917,0
2026-07-12T22:04:05,claude-sonnet-5,ML25287A021,3367,3802,12917,0
2026-07-12T22:04:05,claude-sonnet-5,ML23243A934,3022,3881,12917,0
2026-07-12T22:04:05,claude-sonnet-5,ML23363A151,2347,3178,12917,0
2026-07-12T22:04:05,claude-sonnet-5,ML21355A165,2931,3833,12917,0
2026-07-12T22:04:05,claude-sonnet-5,ML21277A218,2211,3535,0,12917
2026-07-12T22:04:05,claude-sonnet-5,ML22080A216,2866,4130,0,12917
2026-07-12T22:04:05,claude-sonnet-5,ML22332A494,1885,3588,12917,0
2026-07-12T22:04:05,claude-sonnet-5,ML20356A217,2957,4930,0,12917
2026-07-12T22:04:05,claude-sonnet-5,ML21263A062,2387,3329,0,12917
2026-07-12T22:04:05,claude-sonnet-5,ML20255A078,4227,3842,0,12917
2026-07-12T22:04:05,claude-sonnet-5,ML25307A312,2209,3430,12917,0
2026-07-12T22:04:05,claude-sonnet-5,ML24296A068,2858,4404,12917,0
2026-07-12T22:04:05,claude-sonnet-5,ML25037A301,3072,4530,12917,0
2026-07-12T22:04:05,claude-sonnet-5,ML22325A332,4698,4686,0,12917
2026-07-12T22:04:05,claude-sonnet-5,ML22063A075,1722,3114,0,12917
2026-07-12T22:04:05,claude-sonnet-5,ML24303A034,3390,4322,12917,0
2026-07-12T22:04:05,claude-sonnet-5,ML25132A132,4271,6038,12917,0
2026-07-12T22:04:05,claude-sonnet-5,ML24172A162,7239,5150,12917,0
2026-07-12T22:04:05,claude-sonnet-5,ML22179A261,3324,5045,0,12917
2026-07-12T22:04:05,claude-sonnet-5,ML24011A217,2029,4352,12917,0
2026-07-12T22:04:05,claude-sonnet-5,ML22164B005,3540,4547,0,12917
2026-07-12T22:04:05,claude-sonnet-5,ML22186A228,7386,4053,0,12917
2026-07-12T22:04:05,claude-sonnet-5,ML20167A150,3233,4610,0,12917
2026-07-12T22:04:05,claude-sonnet-5,ML21047A011,2227,4328,0,12917
2026-07-12T22:04:05,claude-sonnet-5,ML21119A378,2718,4137,12917,0
2026-07-12T22:04:05,claude-sonnet-5,ML25097A291,1552,3614,12917,0
2026-07-12T22:04:05,claude-sonnet-5,ML24218A260,1398,3471,0,12917
2026-07-12T22:04:05,claude-sonnet-5,ML22334A008,2438,4324,12917,0
2026-07-12T22:04:05,claude-sonnet-5,ML25028A244,1825,3943,12917,0
2026-07-12T22:04:05,claude-sonnet-5,ML24327A098,2692,3645,0,12917
2026-07-12T22:04:05,claude-sonnet-5,ML23177A232,2854,4321,12917,0
2026-07-12T22:04:05,claude-sonnet-5,ML21133A020,2015,4609,0,12917
2026-07-12T22:04:05,claude-sonnet-5,ML20195A588,2674,3922,0,12917
2026-07-12T22:04:05,claude-sonnet-5,ML25266A239,1579,3083,0,12917
2026-07-12T22:04:05,claude-sonnet-5,ML24270A029,5764,4667,0,12917
2026-07-12T22:04:05,claude-sonnet-5,ML23052A211,1856,4561,12917,0
2026-07-12T22:04:05,claude-sonnet-5,ML24190A129,4068,6179,0,12917
2026-07-12T22:04:05,claude-sonnet-5,ML20322A021,2784,5057,0,12917
2026-07-12T22:04:05,claude-sonnet-5,ML24134A267,3112,4768,12917,0
2026-07-12T22:04:05,claude-sonnet-5,ML24331A033,2739,4329,0,12917
2026-07-12T22:04:05,claude-sonnet-5,ML25097A252,3226,4709,0,12917
2026-07-12T22:04:05,claude-sonnet-5,ML21291A262,2639,4058,0,12917
2026-07-12T22:04:05,claude-sonnet-5,ML23167A071,1947,4279,12917,0
2026-07-12T22:04:05,claude-sonnet-5,ML21144A050,3997,3457,0,12917
2026-07-12T22:04:05,claude-sonnet-5,ML23142A269,2131,3171,0,12917
2026-07-12T22:04:05,claude-sonnet-5,ML20209A542,2854,6192,0,12917
2026-07-12T22:04:05,claude-sonnet-5,ML22361A050,2236,4214,12917,0
2026-07-12T22:04:05,claude-sonnet-5,ML25114A051,4994,5498,0,12917
2026-07-12T22:04:05,claude-sonnet-5,ML20161A404,3096,3496,12917,0
2026-07-12T22:04:05,claude-sonnet-5,ML22316A019,4507,3361,0,12917
2026-07-12T22:04:05,claude-sonnet-5,ML24347A138,2467,3472,12917,0
2026-07-12T22:04:05,claude-sonnet-5,ML25086A216,2883,3505,12917,0
2026-07-12T22:04:05,claude-sonnet-5,ML24138A030,2537,5129,12917,0
2026-07-12T22:04:05,claude-sonnet-5,ML22244A098,3411,4479,12917,0
2026-07-12T22:04:05,claude-sonnet-5,ML21187A275,4221,3158,0,12917
2026-07-12T22:04:05,claude-sonnet-5,ML24323A154,1130,2567,12917,0
2026-07-12T22:04:05,claude-sonnet-5,ML21175A038,1711,3205,0,12917
2026-07-12T22:04:05,claude-sonnet-5,ML24296B194,3600,3779,0,12917
2026-07-12T22:04:05,claude-sonnet-5,ML20240A232,2993,4652,12917,0
2026-07-12T22:04:05,claude-sonnet-5,ML24136A202,3846,6862,12917,0
2026-07-12T22:04:05,claude-sonnet-5,ML23269A205,2824,4339,12917,0
2026-07-12T22:04:05,claude-sonnet-5,ML25023A193,2766,3322,12917,0
2026-07-12T22:04:05,claude-sonnet-5,ML26064A231,2523,3074,12917,0
2026-07-12T22:04:05,claude-sonnet-5,ML23334A076,2442,4178,0,12917
2026-07-12T22:04:05,claude-sonnet-5,ML20114E190,3310,3444,0,12917
2026-07-12T22:04:05,claude-sonnet-5,ML24044A193,1606,4099,12917,0
2026-07-12T22:04:05,claude-sonnet-5,ML26149A009,2162,4532,0,12917
2026-07-12T22:04:05,claude-sonnet-5,ML22263A029,2736,3191,0,12917
2026-07-12T22:04:05,claude-sonnet-5,ML25230A243,1623,4583,0,12917
2026-07-12T22:04:05,claude-sonnet-5,ML24326A363,1340,3299,12917,0
2026-07-12T22:04:05,claude-sonnet-5,ML23034A235,2007,3509,12917,0
2026-07-12T22:04:05,claude-sonnet-5,ML22060A103,3431,4767,12917,0
2026-07-12T22:04:05,claude-sonnet-5,ML22255A164,2511,4244,12917,0
2026-07-12T22:04:05,claude-sonnet-5,ML25195A123,3762,4243,0,12917
2026-07-12T22:04:06,claude-sonnet-5,ML20163A145,3233,3807,0,12917
2026-07-12T22:04:06,claude-sonnet-5,ML24169A161,1444,3234,0,12917
2026-07-12T22:04:06,claude-sonnet-5,ML24060A097,3661,4099,0,12917
2026-07-12T22:04:06,claude-sonnet-5,ML21266A021,3507,3624,12917,0
2026-07-12T22:04:06,claude-sonnet-5,ML25360A001,1565,2629,0,12917
2026-07-12T22:04:06,claude-sonnet-5,ML25226A231,1532,4066,0,12917
2026-07-12T22:04:06,claude-sonnet-5,ML20128J906,4402,5082,12917,0
2026-07-12T22:04:06,claude-sonnet-5,ML22301A127,1643,3874,0,12917
2026-07-12T22:04:06,claude-sonnet-5,ML23160A212,2819,4396,0,12917
2026-07-12T22:04:06,claude-sonnet-5,ML22357A036,3792,5453,12917,0
2026-07-12T22:04:06,claude-sonnet-5,ML21350A256,2548,3921,12917,0
2026-07-12T22:04:06,claude-sonnet-5,ML26055A084,1773,3688,12917,0
2026-07-12T22:04:06,claude-sonnet-5,ML21007A022,3110,3772,0,12917
2026-07-12T22:04:06,claude-sonnet-5,ML20244A273,6094,4868,12917,0
2026-07-12T22:04:06,claude-sonnet-5,ML21113A313,5799,4367,12917,0
2026-07-12T22:04:06,claude-sonnet-5,ML22173A172,3001,3338,0,12917
2026-07-12T22:04:06,claude-sonnet-5,ML24079A283,2557,3493,12917,0
2026-07-12T22:04:06,claude-sonnet-5,ML21231A139,1701,3619,0,12917
2026-07-12T22:04:06,claude-sonnet-5,ML25111A260,3892,4652,0,12917
2026-07-12T22:04:06,claude-sonnet-5,ML25224A176,1852,3393,0,12917
2026-07-12T22:04:06,claude-sonnet-5,ML22070A034,3455,4225,12917,0
2026-07-12T22:04:06,claude-sonnet-5,ML26096A457,1577,3515,0,12917
2026-07-12T22:04:06,claude-sonnet-5,ML20242A001,1299,3762,0,12917
2026-07-12T22:04:06,claude-sonnet-5,ML25013A036,1040,2437,12917,0
2026-07-12T22:04:06,claude-sonnet-5,ML25226A260,1752,3704,0,12917
2026-07-12T22:04:06,claude-sonnet-5,ML23109A246,2972,4395,0,12917
2026-07-12T22:04:06,claude-sonnet-5,ML23261C399,5103,5001,0,12917
2026-07-12T22:04:06,claude-sonnet-5,ML23284A427,1589,5610,12917,0
2026-07-12T22:04:06,claude-sonnet-5,ML21323A180,18988,2287,0,12917
2026-07-12T22:04:06,claude-sonnet-5,ML21077A119,5139,5007,12917,0
2026-07-12T22:04:06,claude-sonnet-5,ML20281A330,1987,3595,0,12917
2026-07-12T22:04:06,claude-sonnet-5,ML24170A772,2336,4503,0,12917
2026-07-12T22:04:06,claude-sonnet-5,ML23293A002,2733,3346,0,12917
2026-07-12T22:04:06,claude-sonnet-5,ML24149A159,1302,3630,0,12917
2026-07-12T22:04:06,claude-sonnet-5,ML21040A521,4061,4533,0,12917
2026-07-12T22:04:06,claude-sonnet-5,ML25338A187,857,3406,0,12917
2026-07-12T22:04:06,claude-sonnet-5,ML24171A011,4417,5884,0,12917
2026-07-12T22:04:06,claude-sonnet-5,ML23188A132,2077,3410,0,12917
2026-07-12T22:04:06,claude-sonnet-5,ML20302A456,1723,3523,0,12917
2026-07-12T22:04:06,claude-sonnet-5,ML25106A148,1082,3469,12917,0
2026-07-12T22:04:06,claude-sonnet-5,ML26119A585,1984,4008,0,12917
2026-07-12T22:04:06,claude-sonnet-5,ML22222A010,2070,3301,12917,0
2026-07-12T22:04:06,claude-sonnet-5,ML20083F591,4747,3559,0,12917
2026-07-12T22:04:06,claude-sonnet-5,ML21049A048,2728,4365,12917,0
2026-07-12T22:04:06,claude-sonnet-5,ML25155A098,3311,5313,12917,0
2026-07-12T22:04:06,claude-sonnet-5,ML25143A173,1527,3465,0,12917
2026-07-12T22:04:06,claude-sonnet-5,ML24026A298,6497,7473,12917,0
2026-07-12T22:04:06,claude-sonnet-5,ML22011A160,2549,3830,0,12917
2026-07-12T22:04:06,claude-sonnet-5,ML21112A006,4623,5103,0,12917
2026-07-12T22:04:06,claude-sonnet-5,ML20188A216,3148,4064,12917,0
2026-07-12T22:04:06,claude-sonnet-5,ML25287A034,1620,3389,12917,0
2026-07-12T22:04:06,claude-sonnet-5,ML22040A143,3047,4203,12917,0
2026-07-12T22:04:06,claude-sonnet-5,ML21231A135,1934,3098,12917,0
2026-07-12T22:04:06,claude-sonnet-5,ML22340A427,2520,3636,0,12917
2026-07-12T22:04:06,claude-sonnet-5,ML21347A972,2209,3535,12917,0
2026-07-12T22:04:06,claude-sonnet-5,ML22355A081,2209,2876,12917,0
2026-07-12T22:04:06,claude-sonnet-5,ML23031A225,3714,5219,0,12917
2026-07-12T22:04:06,claude-sonnet-5,ML23199A224,2852,4838,0,12917
2026-07-12T22:04:06,claude-sonnet-5,ML25364A102,1675,4881,0,12917
2026-07-12T22:04:06,claude-sonnet-5,ML25086A101,2924,4395,0,12917
2026-07-12T22:04:06,claude-sonnet-5,ML21214A128,6157,6845,0,12917
2026-07-12T22:04:06,claude-sonnet-5,ML26078A183,1835,3837,0,12917
2026-07-12T22:04:06,claude-sonnet-5,ML22165A204,2085,3625,12917,0
2026-07-12T22:04:06,claude-sonnet-5,ML24242A163,8490,8192,0,12917
2026-07-12T22:04:06,claude-sonnet-5,ML23164A134,3645,4437,0,12917
2026-07-12T22:04:06,claude-sonnet-5,ML22347A286,2304,4201,12917,0
2026-07-12T22:04:06,claude-sonnet-5,ML24100A863,1559,3380,12917,0
2026-07-12T22:04:06,claude-sonnet-5,ML22201A521,3355,4323,0,12917
2026-07-12T22:04:06,claude-sonnet-5,ML26092A228,1444,3018,12917,0
2026-07-12T22:04:06,claude-sonnet-5,ML21228A240,2967,3954,0,12917
2026-07-12T22:04:06,claude-sonnet-5,ML22311A471,3656,5184,0,12917
2026-07-12T22:04:06,claude-sonnet-5,ML26057A342,1881,5470,12917,0
2026-07-12T22:04:06,claude-sonnet-5,ML25296A198,2349,3479,12917,0
2026-07-12T22:04:06,claude-sonnet-5,ML23270B186,3005,3868,0,12917
2026-07-12T22:04:06,claude-sonnet-5,ML24127A155,4241,5320,0,12917
2026-07-12T22:04:06,claude-sonnet-5,ML25150A333,4223,4384,12917,0
2026-07-12T22:04:06,claude-sonnet-5,ML24199A242,1975,3504,0,12917
2026-07-12T22:04:06,claude-sonnet-5,ML24270A035,2665,3950,12917,0
2026-07-12T22:04:06,claude-sonnet-5,ML24249A254,2306,4017,12917,0
2026-07-12T22:04:06,claude-sonnet-5,ML20269A166,1686,2700,12917,0
2026-07-12T22:04:06,claude-sonnet-5,ML22077A378,1807,3409,0,12917
2026-07-12T22:04:06,claude-sonnet-5,ML21179A288,2630,5556,12917,0
2026-07-12T22:04:06,claude-sonnet-5,ML26099A139,1989,4908,12917,0
2026-07-12T22:04:06,claude-sonnet-5,ML20322A440,4394,3868,0,12917
2026-07-12T22:04:06,claude-sonnet-5,ML21225A038,2562,4530,12917,0
2026-07-12T22:04:06,claude-sonnet-5,ML24330A077,5735,5440,0,12917
2026-07-12T22:04:06,claude-sonnet-5,ML22195A281,3317,3898,12917,0
2026-07-12T22:04:06,claude-sonnet-5,ML22087A512,4409,4601,12917,0
2026-07-12T22:04:06,claude-sonnet-5,ML23285A192,6712,4067,0,12917
2026-07-12T22:04:06,claude-sonnet-5,ML22189A111,2406,4114,0,12917
2026-07-12T22:04:06,claude-sonnet-5,ML22038A969,5100,4393,12917,0
2026-07-12T22:04:06,claude-sonnet-5,ML22011A283,2486,4892,12917,0
2026-07-12T22:04:06,claude-sonnet-5,ML21081A290,1797,3657,12917,0
2026-07-12T22:04:07,claude-sonnet-5,ML22140A128,3440,4274,12917,0
2026-07-12T22:04:07,claude-sonnet-5,ML23094A112,2030,4007,12917,0
2026-07-12T22:04:07,claude-sonnet-5,ML25009A027,3203,5106,0,12917
2026-07-12T22:04:07,claude-sonnet-5,ML24045A179,2615,3539,12917,0
2026-07-12T22:04:07,claude-sonnet-5,ML23174A067,4074,4926,12917,0
2026-07-12T22:04:07,claude-sonnet-5,ML25286A003,3757,3460,12917,0
2026-07-12T22:04:07,claude-sonnet-5,ML25135A102,2341,4029,0,12917
2026-07-12T22:04:07,claude-sonnet-5,ML24008A240,2792,5023,0,12917
2026-07-12T22:04:07,claude-sonnet-5,ML20314A143,1766,3732,12917,0
2026-07-12T22:04:07,claude-sonnet-5,ML23333A143,6172,3739,12917,0
2026-07-12T22:04:07,claude-sonnet-5,ML26112A069,3108,3254,0,12917
2026-07-12T22:04:07,claude-sonnet-5,ML25237A236,4178,5631,12917,0
2026-07-12T22:04:07,claude-sonnet-5,ML22353A591,1853,3760,12917,0
2026-07-12T22:04:07,claude-sonnet-5,ML24185A033,2481,5289,12917,0
2026-07-12T22:04:07,claude-sonnet-5,ML21069A341,2437,5735,12917,0
2026-07-12T22:04:07,claude-sonnet-5,ML20330A155,2219,3738,0,12917
2026-07-12T22:04:07,claude-sonnet-5,ML23256A200,2775,3870,0,12917
2026-07-12T22:04:07,claude-sonnet-5,ML20352A005,3652,3513,12917,0
2026-07-12T22:04:07,claude-sonnet-5,ML22109A027,4584,6041,12917,0
2026-07-12T22:04:07,claude-sonnet-5,ML23167A076,2617,5166,12917,0
2026-07-12T22:04:07,claude-sonnet-5,ML22301A124,1317,4046,0,12917
2026-07-12T22:04:07,claude-sonnet-5,ML21098A254,366,915,12917,0
2026-07-12T22:04:07,claude-sonnet-5,ML23157A176,996,2925,12917,0
2026-07-12T22:04:07,claude-sonnet-5,ML22308A068,2784,3343,0,12917
2026-07-12T22:04:07,claude-sonnet-5,ML25269A165,1595,4707,12917,0
2026-07-12T22:04:07,claude-sonnet-5,ML21348A112,1899,2598,0,12917
2026-07-12T22:04:07,claude-sonnet-5,ML25302A454,2149,3372,0,12917
2026-07-12T22:04:07,claude-sonnet-5,ML24323A169,1447,3527,0,12917
2026-07-12T22:04:07,claude-sonnet-5,ML25099A196,2753,4705,0,12917
2026-07-12T22:04:07,claude-sonnet-5,ML25342A438,2119,4141,12917,0
2026-07-12T22:04:07,claude-sonnet-5,ML25013A038,1091,2741,0,12917
2026-07-12T22:04:07,claude-sonnet-5,ML26089A209,1968,2930,0,12917
2026-07-12T22:04:07,claude-sonnet-5,ML20149K547,3338,3993,0,12917
2026-07-12T22:04:07,claude-sonnet-5,ML22273A139,1927,5780,0,12917
2026-07-12T22:04:07,claude-sonnet-5,ML22353A082,2359,2856,0,12917
2026-07-12T22:04:07,claude-sonnet-5,ML25254A011,3253,4431,12917,0
2026-07-12T22:04:07,claude-sonnet-5,ML25317A742,3842,4615,12917,0
2026-07-12T22:04:07,claude-sonnet-5,ML25328A054,4204,5308,0,12917
2026-07-12T22:04:07,claude-sonnet-5,ML25357A159,1765,3447,12917,0
2026-07-12T22:04:07,claude-sonnet-5,ML22035A167,984,3536,0,12917
2026-07-12T22:04:07,claude-sonnet-5,ML20125A102,5764,4475,12917,0
2026-07-12T22:04:07,claude-sonnet-5,ML22039A333,3144,3624,12917,0
2026-07-12T22:04:07,claude-sonnet-5,ML25296A468,2528,3783,0,12917
2026-07-12T22:04:07,claude-sonnet-5,ML24102A124,1860,4391,0,12917
2026-07-12T22:04:07,claude-sonnet-5,ML22006A109,1293,2822,12917,0
2026-07-12T22:04:07,claude-sonnet-5,ML20315A447,2752,4246,0,12917
2026-07-12T22:04:07,claude-sonnet-5,ML23158A170,4480,3547,12917,0
2026-07-12T22:04:07,claude-sonnet-5,ML20113E977,2998,2335,0,12917
2026-07-12T22:04:07,claude-sonnet-5,ML21131A168,2627,4459,0,12917
2026-07-12T22:04:07,claude-sonnet-5,ML24274A331,4867,5091,12917,0
2026-07-12T22:04:07,claude-sonnet-5,ML23324A275,1239,3097,0,12917
2026-07-12T22:04:07,claude-sonnet-5,ML21092A022,5722,4735,12917,0
2026-07-12T22:04:07,claude-sonnet-5,ML24253A265,1730,3941,0,12917
2026-07-12T22:04:07,claude-sonnet-5,ML20062F391,2910,3895,12917,0
2026-07-12T22:04:07,claude-sonnet-5,ML21196A485,2668,5035,12917,0
2026-07-12T22:04:07,claude-sonnet-5,ML25240B635,1364,2973,12917,0
2026-07-12T22:04:07,claude-sonnet-5,ML25126A035,1758,3522,12917,0
2026-07-12T22:04:07,claude-sonnet-5,ML25296A231,3764,6833,12917,0
2026-07-12T22:04:07,claude-sonnet-5,ML23285A094,1881,3439,12917,0
2026-07-12T22:04:07,claude-sonnet-5,ML22174A429,4886,6362,12917,0
2026-07-12T22:04:07,claude-sonnet-5,ML24064A190,4718,4697,12917,0
2026-07-12T22:04:07,claude-sonnet-5,ML24277A774,3800,3826,0,12917
2026-07-12T22:04:07,claude-sonnet-5,ML22252A138,2010,3496,0,12917
2026-07-12T22:04:07,claude-sonnet-5,ML24358A097,6406,5164,0,12917
2026-07-12T22:04:07,claude-sonnet-5,ML20141L763,2648,3698,0,12917
2026-07-12T22:04:07,claude-sonnet-5,ML26110A137,3199,4454,0,12917
2026-07-12T22:04:07,claude-sonnet-5,ML24304A856,2382,3697,12917,0
2026-07-12T22:04:07,claude-sonnet-5,ML25323A433,2560,3954,0,12917
2026-07-12T22:04:07,claude-sonnet-5,ML23319A429,1617,3583,12917,0
2026-07-12T22:04:07,claude-sonnet-5,ML21326A008,1909,3890,12917,0
2026-07-12T22:04:07,claude-sonnet-5,ML23181A173,1709,4430,12917,0
2026-07-12T22:04:07,claude-sonnet-5,ML23181A088,1746,3415,0,12917
2026-07-12T22:04:07,claude-sonnet-5,ML20274A206,1072,2642,0,12917
2026-07-12T22:04:07,claude-sonnet-5,ML21049A109,4924,4125,12917,0
2026-07-12T22:04:07,claude-sonnet-5,ML24234A140,4062,4177,12917,0
2026-07-12T22:04:07,claude-sonnet-5,ML23334A152,4644,4291,0,12917
2026-07-12T22:04:07,claude-sonnet-5,ML21161A329,2878,3935,0,12917
2026-07-12T22:04:07,claude-sonnet-5,ML20164A134,3213,5432,0,12917
2026-07-12T22:04:07,claude-sonnet-5,ML22362A013,2947,3831,0,12917
2026-07-12T22:04:07,claude-sonnet-5,ML23132A132,3313,4110,12917,0
2026-07-12T22:04:07,claude-sonnet-5,ML24064A252,3868,3458,12917,0
2026-07-12T22:04:07,claude-sonnet-5,ML20293A439,1919,3946,12917,0
2026-07-12T22:04:07,claude-sonnet-5,ML23313A196,2601,3094,0,12917
2026-07-12T22:04:07,claude-sonnet-5,ML25079A251,3905,4784,0,12917
2026-07-12T22:04:07,claude-sonnet-5,ML20261H588,2889,3794,12917,0
2026-07-12T22:04:07,claude-sonnet-5,ML22175A161,1117,2940,12917,0
2026-07-12T22:04:07,claude-sonnet-5,ML24318C508,3608,3211,0,12917
2026-07-12T22:04:07,claude-sonnet-5,ML24113A201,4759,3891,0,12917
2026-07-12T22:04:07,claude-sonnet-5,ML22147A131,2994,4717,0,12917
2026-07-12T22:04:07,claude-sonnet-5,ML23338A183,3251,5213,0,12917
2026-07-12T22:04:07,claude-sonnet-5,ML22336A125,1400,3216,12917,0
2026-07-12T22:04:07,claude-sonnet-5,ML24030A968,4625,4472,12917,0
2026-07-12T22:04:07,claude-sonnet-5,ML23348A260,2576,4204,12917,0
2026-07-12T22:04:07,claude-sonnet-5,ML24312A174,1845,5044,12917,0
2026-07-12T22:04:07,claude-sonnet-5,ML22192A036,4978,6046,12917,0
2026-07-12T22:04:07,claude-sonnet-5,ML20183A159,4384,4623,0,12917
2026-07-12T22:04:07,claude-sonnet-5,ML22160A397,2241,4487,0,12917
2026-07-12T22:04:07,claude-sonnet-5,ML24193A211,1080,3026,12917,0
2026-07-12T22:04:07,claude-sonnet-5,ML23313A162,4086,4793,0,12917
2026-07-12T22:04:07,claude-sonnet-5,ML22035A033,1687,3304,0,12917
2026-07-12T22:04:07,claude-sonnet-5,ML22026A530,4190,5214,12917,0
2026-07-12T22:04:07,claude-sonnet-5,ML24130A268,1635,3555,12917,0
2026-07-12T22:04:07,claude-sonnet-5,ML23229A121,2649,5287,12917,0
2026-07-12T22:04:07,claude-sonnet-5,ML22241A113,2109,4704,0,12917
2026-07-12T22:04:07,claude-sonnet-5,ML23089A356,1926,5467,0,12917
2026-07-12T22:04:07,claude-sonnet-5,ML23341A206,1758,3284,12917,0
2026-07-12T22:04:07,claude-sonnet-5,ML25241A295,3146,3649,0,12917
2026-07-12T22:04:07,claude-sonnet-5,ML22182A500,5437,5556,12917,0
2026-07-12T22:04:07,claude-sonnet-5,ML22032A112,9076,4961,0,12917
2026-07-12T22:04:07,claude-sonnet-5,ML21137A329,3047,5916,0,12917
2026-07-12T22:04:07,claude-sonnet-5,ML22230C934,3287,3892,12917,0
2026-07-12T22:04:07,claude-sonnet-5,ML24185A160,2024,4300,12917,0
2026-07-12T22:04:07,claude-sonnet-5,ML23347A120,3029,3641,12917,0
2026-07-12T22:04:07,claude-sonnet-5,ML23321A224,2044,4357,0,12917
2026-07-12T22:04:07,claude-sonnet-5,ML22285A000,4874,5455,0,12917
2026-07-12T22:04:07,claude-sonnet-5,ML23181A085,1827,3910,0,12917
2026-07-12T22:04:07,claude-sonnet-5,ML26106A327,2976,3685,12917,0
2026-07-12T22:04:07,claude-sonnet-5,ML25071A010,2774,3187,0,12917
2026-07-12T22:04:07,claude-sonnet-5,ML20164A226,3169,3703,0,12917
2026-07-12T22:04:07,claude-sonnet-5,ML20108E838,2841,4312,12917,0
2026-07-12T22:04:07,claude-sonnet-5,ML24116A317,3296,5405,0,12917
2026-07-12T22:04:07,claude-sonnet-5,ML24131A023,2664,3514,0,12917
2026-07-12T22:04:07,claude-sonnet-5,ML25282A052,3784,4000,0,12917
2026-07-12T22:04:07,claude-sonnet-5,ML24156A040,2214,4131,12917,0
2026-07-12T22:04:07,claude-sonnet-5,ML22027A731,1629,3931,0,12917
2026-07-12T22:04:07,claude-sonnet-5,ML22251A354,2461,3845,0,12917
2026-07-12T22:04:07,claude-sonnet-5,ML23331A300,2772,3435,12917,0
2026-07-12T22:04:07,claude-sonnet-5,ML23166A081,2061,5272,12917,0
2026-07-12T22:04:07,claude-sonnet-5,ML23301A009,3858,4245,12917,0
2026-07-12T22:04:07,claude-sonnet-5,ML24354A312,3214,6154,12917,0
2026-07-12T22:04:07,claude-sonnet-5,ML23291A358,3705,3203,0,12917
2026-07-12T22:04:07,claude-sonnet-5,ML21354A405,994,4371,12917,0
2026-07-12T22:04:07,claude-sonnet-5,ML26055A051,2368,4068,0,12917
2026-07-12T22:04:07,claude-sonnet-5,ML20310A328,4131,4439,0,12917
2026-07-12T22:04:07,claude-sonnet-5,ML21159A106,2341,3688,12917,0
2026-07-12T22:04:07,claude-sonnet-5,ML24141A032,2326,3653,0,12917
2026-07-12T22:04:07,claude-sonnet-5,ML24137A008,2421,3467,12917,0
2026-07-12T22:04:07,claude-sonnet-5,ML23068A470,2752,3400,0,12917
2026-07-12T22:04:07,claude-sonnet-5,ML24185A269,1493,2897,12917,0
2026-07-12T22:04:07,claude-sonnet-5,ML20149K600,3135,4044,0,12917
2026-07-12T22:04:07,claude-sonnet-5,ML23012A325,4112,4114,12917,0
2026-07-12T22:04:07,claude-sonnet-5,ML26140A011,3128,4637,12917,0
2026-07-12T22:04:07,claude-sonnet-5,ML23353A109,437,1474,12917,0
2026-07-12T22:04:07,claude-sonnet-5,ML23333A215,1398,3080,12917,0
2026-07-12T22:04:07,claude-sonnet-5,ML24296B226,7211,4007,12917,0
2026-07-12T22:04:07,claude-sonnet-5,ML24107B099,3618,5350,12917,0
2026-07-12T22:04:07,claude-sonnet-5,ML26127A309,1980,3283,0,12917
2026-07-12T22:04:07,claude-sonnet-5,ML23347A130,1145,2577,0,12917
2026-07-12T22:04:07,claude-sonnet-5,ML22258A065,3963,3199,12917,0
2026-07-12T22:04:07,claude-sonnet-5,ML25353A533,2004,4420,12917,0
2026-07-12T22:04:07,claude-sonnet-5,ML23053A083,2794,5164,0,12917
2026-07-12T22:04:07,claude-sonnet-5,ML24185A259,3812,4523,0,12917
2026-07-12T22:04:07,claude-sonnet-5,ML21251A585,2843,3774,0,12917
2026-07-12T22:04:07,claude-sonnet-5,ML22189A029,3387,4349,12917,0
2026-07-12T22:04:07,claude-sonnet-5,ML24095A326,2921,4640,12917,0
2026-07-12T22:04:07,claude-sonnet-5,ML21361A084,3221,3453,0,12917
2026-07-12T22:04:07,claude-sonnet-5,ML25317A743,2541,4610,0,12917
2026-07-12T22:04:07,claude-sonnet-5,ML26110A379,3834,5051,12917,0
2026-07-12T22:04:07,claude-sonnet-5,ML23018A201,2475,3745,12917,0
2026-07-12T22:04:07,claude-sonnet-5,ML24060A311,4187,5058,0,12917
2026-07-12T22:04:07,claude-sonnet-5,ML25169A246,2331,3796,12917,0
2026-07-12T22:04:07,claude-sonnet-5,ML22353A290,2254,3561,0,12917
2026-07-12T22:04:07,claude-sonnet-5,ML20147A243,1703,2698,0,12917
2026-07-12T22:04:07,claude-sonnet-5,ML26127A317,2210,4051,0,12917
2026-07-12T22:04:07,claude-sonnet-5,ML22062B665,4470,4277,0,12917
2026-07-12T22:04:07,claude-sonnet-5,ML25230A099,1110,3598,12917,0
2026-07-12T22:04:07,claude-sonnet-5,ML23201A109,3223,4520,0,12917
2026-07-12T22:04:07,claude-sonnet-5,ML21041A348,2081,3336,0,12917
2026-07-12T22:04:07,claude-sonnet-5,ML24354A337,2839,4640,12917,0
2026-07-12T22:04:07,claude-sonnet-5,ML25300A115,3247,4563,12917,0
2026-07-12T22:04:07,claude-sonnet-5,ML21154A110,2600,3624,0,12917
2026-07-12T22:04:07,claude-sonnet-5,ML24204A192,2177,3598,0,12917
2026-07-12T22:04:07,claude-sonnet-5,ML24249A175,2638,4897,12917,0
2026-07-12T22:04:07,claude-sonnet-5,ML24283A102,2464,3715,12917,0
2026-07-12T22:04:07,claude-sonnet-5,ML26029A457,3984,5032,0,12917
2026-07-12T22:04:07,claude-sonnet-5,ML22362A015,2682,4423,0,12917
2026-07-12T22:04:07,claude-sonnet-5,ML25321A460,2108,3665,0,12917
2026-07-12T22:04:07,claude-sonnet-5,ML23104A162,2372,4711,0,12917
2026-07-12T22:04:07,claude-sonnet-5,ML21138A819,2887,3445,12917,0
2026-07-12T22:04:07,claude-sonnet-5,ML20170B056,3717,4255,12917,0
2026-07-12T22:04:07,claude-sonnet-5,ML21014A446,3452,4188,12917,0
2026-07-12T22:04:07,claude-sonnet-5,ML24324A187,1144,2544,12917,0
2026-07-12T22:04:07,claude-sonnet-5,ML25182A055,2651,4782,0,12917
2026-07-12T22:04:07,claude-sonnet-5,ML24338A212,2247,3608,12917,0
2026-07-12T22:04:07,claude-sonnet-5,ML26033A500,3229,3679,12917,0
2026-07-12T22:04:07,claude-sonnet-5,ML25024A089,3254,5296,0,12917
2026-07-12T22:04:07,claude-sonnet-5,ML21252A756,2920,3979,12917,0
2026-07-12T22:04:07,claude-sonnet-5,ML23193A364,2574,4659,12917,0
2026-07-12T22:04:07,claude-sonnet-5,ML25351A282,3139,3496,12917,0
2026-07-12T22:04:07,claude-sonnet-5,ML20240A330,1230,2903,12917,0
2026-07-12T22:04:07,claude-sonnet-5,ML23047A547,2181,3918,0,12917
2026-07-12T22:04:07,claude-sonnet-5,ML25143A135,2264,3304,0,12917
2026-07-12T22:04:07,claude-sonnet-5,ML24115A165,2879,2914,12917,0
2026-07-12T22:04:07,claude-sonnet-5,ML22038A970,4102,4623,0,12917
2026-07-12T22:04:07,claude-sonnet-5,ML22039A022,2362,3952,0,12917
2026-07-12T22:04:07,claude-sonnet-5,ML25210A397,1380,3269,0,12917
2026-07-12T22:04:07,claude-sonnet-5,ML22353A631,5291,3542,0,12917
2026-07-12T22:04:07,claude-sonnet-5,ML24029A241,4127,3247,0,12917
2026-07-12T22:04:07,claude-sonnet-5,ML22244A134,3933,4487,0,12917
2026-07-12T22:04:07,claude-sonnet-5,ML20255A153,4352,4344,0,12917
2026-07-12T22:04:07,claude-sonnet-5,ML23158A263,3093,3704,0,12917
2026-07-12T22:04:07,claude-sonnet-5,ML20304A152,2455,2982,12917,0
2026-07-12T22:04:07,claude-sonnet-5,ML24012A145,1673,3258,0,12917
2026-07-12T22:04:07,claude-sonnet-5,ML20254A015,3199,4844,0,12917
2026-07-12T22:04:07,claude-sonnet-5,ML24235A178,8793,8192,12917,0
2026-07-12T22:04:07,claude-sonnet-5,ML22263A429,3260,4609,0,12917
2026-07-12T22:04:07,claude-sonnet-5,ML23251A149,3777,4233,0,12917
2026-07-12T22:04:07,claude-sonnet-5,ML23011A111,2980,4529,12917,0
2026-07-12T22:04:07,claude-sonnet-5,ML22243A193,2737,5166,0,12917
2026-07-12T22:04:07,claude-sonnet-5,ML20188A010,2453,3512,0,12917
2026-07-12T22:04:07,claude-sonnet-5,ML21172A009,1956,3387,0,12917
2026-07-12T22:04:07,claude-sonnet-5,ML23199A216,2145,3283,12917,0
2026-07-12T22:04:07,claude-sonnet-5,ML21182A044,2877,5019,0,12917
2026-07-12T22:04:07,claude-sonnet-5,ML25315A010,1229,3183,0,12917
2026-07-12T22:04:07,claude-sonnet-5,ML21319A348,2108,3826,12917,0
2026-07-12T22:04:07,claude-sonnet-5,ML24179A341,3953,6543,0,12917
2026-07-12T22:04:07,claude-sonnet-5,ML20310A258,1619,5175,0,12917
2026-07-12T22:04:07,claude-sonnet-5,ML22304A228,1883,3969,0,12917
2026-07-12T22:04:07,claude-sonnet-5,ML25226A116,2579,3909,12917,0
2026-07-12T22:04:07,claude-sonnet-5,ML25099A035,1170,2801,0,12917
2026-07-12T22:04:07,claude-sonnet-5,ML25092A162,2247,4088,0,12917
2026-07-12T22:04:07,claude-sonnet-5,ML26111A387,3349,4154,0,12917
2026-07-12T22:04:07,claude-sonnet-5,ML24067A253,2923,4367,12917,0
2026-07-12T22:04:07,claude-sonnet-5,ML25343A343,5043,4300,12917,0
2026-07-12T22:04:07,claude-sonnet-5,ML25142A400,3000,3625,0,12917
2026-07-12T22:04:07,claude-sonnet-5,ML21235A012,2801,4048,0,12917
2026-07-12T22:04:07,claude-sonnet-5,ML24162A324,2215,3119,0,12917
2026-07-12T22:04:07,claude-sonnet-5,ML25346A200,1406,4141,0,12917
2026-07-12T22:04:07,claude-sonnet-5,ML21041A178,3205,3321,0,12917
2026-07-12T22:04:07,claude-sonnet-5,ML25149A137,2438,5450,12917,0
2026-07-12T22:04:07,claude-sonnet-5,ML24162A104,2370,3894,12917,0
2026-07-12T22:04:07,claude-sonnet-5,ML23208A287,2286,4077,0,12917
2026-07-12T22:04:07,claude-sonnet-5,ML23216A176,4291,6586,0,12917
2026-07-12T22:04:07,claude-sonnet-5,ML24108A143,1822,3500,0,12917
2026-07-12T22:04:07,claude-sonnet-5,ML24192A173,1988,3442,12917,0
2026-07-12T22:04:07,claude-sonnet-5,ML25293A447,1783,4155,0,12917
2026-07-12T22:04:07,claude-sonnet-5,ML23200A238,5726,4130,12917,0
2026-07-12T22:04:07,claude-sonnet-5,ML24288A015,3188,4087,12917,0
2026-07-12T22:04:07,claude-sonnet-5,ML25317A674,1542,4620,12917,0
2026-07-12T22:04:07,claude-sonnet-5,ML20122A056,3052,3884,12917,0
2026-07-12T22:04:07,claude-sonnet-5,ML25275A002,3024,3946,0,12917
2026-07-12T22:04:07,claude-sonnet-5,ML23135A768,1766,5194,12917,0
2026-07-12T22:04:07,claude-sonnet-5,ML23342A068,2677,3191,0,12917
2026-07-12T22:04:07,claude-sonnet-5,ML24110A087,1602,3924,12917,0
2026-07-12T22:04:07,claude-sonnet-5,ML21026A253,1964,3259,0,12917
2026-07-12T22:04:07,claude-sonnet-5,ML24131A015,2397,3292,12917,0
2026-07-12T22:04:07,claude-sonnet-5,ML20070H633,3396,4253,12917,0
2026-07-12T22:04:07,claude-sonnet-5,ML20091L895,2939,5025,0,12917
2026-07-12T22:04:07,claude-sonnet-5,ML22182A501,4406,4511,12917,0
2026-07-12T22:04:07,claude-sonnet-5,ML20297A536,2724,3909,12917,0
2026-07-12T22:04:07,claude-sonnet-5,ML24256A172,2202,4626,0,12917
2026-07-12T22:04:07,claude-sonnet-5,ML25160A203,2416,5065,0,12917
2026-07-12T22:04:07,claude-sonnet-5,ML20304A209,4288,5543,0,12917
2026-07-12T22:04:07,claude-sonnet-5,ML20262G938,3652,4683,0,12917
2026-07-12T22:04:07,claude-sonnet-5,ML22228A152,5744,4105,12917,0
2026-07-12T22:04:07,claude-sonnet-5,ML24222A467,1543,2957,0,12917
2026-07-12T22:04:07,claude-sonnet-5,ML25149A021,3012,4822,12917,0
2026-07-12T22:04:07,claude-sonnet-5,ML25251A231,1971,4455,0,12917
2026-07-12T22:04:07,claude-sonnet-5,ML26080A001,1982,4695,0,12917
2026-07-12T22:04:07,claude-sonnet-5,ML21064A218,3146,4055,12917,0
2026-07-12T22:04:07,claude-sonnet-5,ML23146A191,1342,3596,12917,0
2026-07-12T22:04:07,claude-sonnet-5,ML21274A738,1597,4005,0,12917
2026-07-12T22:04:07,claude-sonnet-5,ML22138A355,3097,4253,12917,0
2026-07-12T22:04:07,claude-sonnet-5,ML23354A067,1699,2616,12917,0
2026-07-12T22:04:07,claude-sonnet-5,ML21336A205,2298,4134,0,12917
2026-07-12T22:04:07,claude-sonnet-5,ML25051A147,4301,5846,12917,0
2026-07-12T22:04:07,claude-sonnet-5,ML22063A703,2547,3750,12917,0
2026-07-12T22:04:07,claude-sonnet-5,ML23194A172,4709,4543,0,12917
2026-07-12T22:04:07,claude-sonnet-5,ML26062A865,1631,4473,0,12917
2026-07-12T22:04:07,claude-sonnet-5,ML25259A219,1626,3310,0,12917
2026-07-12T22:04:07,claude-sonnet-5,ML25107A275,1703,4413,12917,0
2026-07-12T22:04:07,claude-sonnet-5,ML25182A246,5450,4087,0,12917
2026-07-12T22:04:07,claude-sonnet-5,ML23271A026,3701,3820,0,12917
2026-07-12T22:04:07,claude-sonnet-5,ML26071A052,2484,4558,0,12917
2026-07-12T22:04:07,claude-sonnet-5,ML20330A317,1704,3201,12917,0
2026-07-12T22:04:07,claude-sonnet-5,ML21202A441,4690,3595,0,12917
2026-07-12T22:04:07,claude-sonnet-5,ML23311A061,2307,3298,0,12917
2026-07-12T22:04:07,claude-sonnet-5,ML21350A186,3718,3599,12917,0
2026-07-12T22:04:07,claude-sonnet-5,ML22349A700,1871,4412,0,12917
2026-07-12T22:04:07,claude-sonnet-5,ML25163A305,4139,4117,0,12917
2026-07-12T22:04:07,claude-sonnet-5,ML22094A155,2439,4886,0,12917
2026-07-12T22:04:07,claude-sonnet-5,ML26119A030,3382,4477,0,12917
2026-07-12T22:04:07,claude-sonnet-5,ML22257A207,3443,5148,0,12917
2026-07-12T22:04:07,claude-sonnet-5,ML24137A335,2668,5704,12917,0
2026-07-12T22:04:07,claude-sonnet-5,ML22154A554,3497,4625,0,12917
2026-07-12T22:04:07,claude-sonnet-5,ML23227A037,2648,5109,12917,0
2026-07-12T22:04:07,claude-sonnet-5,ML22202A055,2610,3846,0,12917
2026-07-12T22:04:07,claude-sonnet-5,ML24234A332,2511,4151,12917,0
2026-07-12T22:04:07,claude-sonnet-5,ML21193A078,3108,4868,0,12917
2026-07-12T22:04:07,claude-sonnet-5,ML21216A344,3116,4622,12917,0
2026-07-12T22:04:07,claude-sonnet-5,ML23243B033,3252,3449,12917,0
2026-07-12T22:04:07,claude-sonnet-5,ML23117A063,3592,4096,0,12917
2026-07-12T22:04:07,claude-sonnet-5,ML23165A158,1230,3335,12917,0
2026-07-12T22:04:07,claude-sonnet-5,ML20259A183,1744,2887,12917,0
2026-07-12T22:04:07,claude-sonnet-5,ML20140A093,3607,4587,12917,0
2026-07-12T22:04:07,claude-sonnet-5,ML24344A257,5792,6771,12917,0
2026-07-12T22:04:07,claude-sonnet-5,ML21207A238,3692,4699,12917,0
2026-07-12T22:04:07,claude-sonnet-5,ML22111A361,3821,4194,12917,0
2026-07-12T22:04:07,claude-sonnet-5,ML21337A224,1885,3527,0,12917
2026-07-12T22:04:07,claude-sonnet-5,ML20132A108,2314,3232,12917,0
2026-07-12T22:04:07,claude-sonnet-5,ML24078A343,1519,3317,12917,0
2026-07-12T22:04:07,claude-sonnet-5,ML26027A361,2289,4236,0,12917
2026-07-12T22:04:07,claude-sonnet-5,ML23258A067,3005,5175,12917,0
2026-07-12T22:04:07,claude-sonnet-5,ML21232A618,4085,3495,12917,0
2026-07-12T22:04:07,claude-sonnet-5,ML22026A288,3084,5044,12917,0
2026-07-12T22:04:07,claude-sonnet-5,ML22133A248,3126,3556,12917,0
2026-07-12T22:04:07,claude-sonnet-5,ML20265A162,1920,3163,0,12917
2026-07-12T22:04:07,claude-sonnet-5,ML26124A222,2498,4504,0,12917
2026-07-12T22:04:07,claude-sonnet-5,ML23180A170,3060,4490,12917,0
2026-07-12T22:04:07,claude-sonnet-5,ML23010A180,3675,4946,12917,0
2026-07-12T22:04:07,claude-sonnet-5,ML21235A413,4285,4647,0,12917
2026-07-12T22:04:07,claude-sonnet-5,ML23226A139,3825,4840,12917,0
2026-07-12T22:04:07,claude-sonnet-5,ML24117A127,2546,4622,0,12917
2026-07-12T22:04:07,claude-sonnet-5,ML20310A151,4109,4370,0,12917
2026-07-12T22:04:07,claude-sonnet-5,ML25216A111,1394,3171,12917,0
2026-07-12T22:04:07,claude-sonnet-5,ML21226A001,1946,3503,12917,0
2026-07-12T22:04:07,claude-sonnet-5,ML26015A092,452,1569,12917,0
2026-07-12T22:04:07,claude-sonnet-5,ML20274A324,2432,4916,12917,0
2026-07-12T22:04:07,claude-sonnet-5,ML24044A167,998,2389,12917,0
2026-07-12T22:04:07,claude-sonnet-5,ML23121A120,2482,3382,12917,0
2026-07-12T22:04:07,claude-sonnet-5,ML21063A250,3508,4766,0,12917
2026-07-12T22:04:07,claude-sonnet-5,ML21308A491,1393,3567,0,12917
2026-07-12T22:04:07,claude-sonnet-5,ML25281A104,1700,3698,12917,0
2026-07-12T22:04:07,claude-sonnet-5,ML22096A333,4289,4686,12917,0
2026-07-12T22:04:07,claude-sonnet-5,ML20293A475,1420,3702,0,12917
2026-07-12T22:04:07,claude-sonnet-5,ML25157A104,3974,4426,12917,0
2026-07-12T22:04:07,claude-sonnet-5,ML25252A080,3739,3605,0,12917
2026-07-12T22:04:07,claude-sonnet-5,ML23319A436,2465,4079,12917,0
2026-07-12T22:04:07,claude-sonnet-5,ML21231A138,2166,3667,12917,0
2026-07-12T22:04:07,claude-sonnet-5,ML20300A577,1423,3245,0,12917
2026-07-12T22:04:07,claude-sonnet-5,ML26086A018,1480,4661,0,12917
2026-07-12T22:04:07,claude-sonnet-5,ML25265A025,1107,3304,0,12917
2026-07-12T22:04:07,claude-sonnet-5,ML21141A193,416,1669,12917,0
2026-07-12T22:04:07,claude-sonnet-5,ML20064D511,2952,4415,12917,0
2026-07-12T22:04:07,claude-sonnet-5,ML22006A232,4774,4547,0,12917
2026-07-12T22:04:07,claude-sonnet-5,ML22014A173,3188,4393,12917,0
2026-07-12T22:04:07,claude-sonnet-5,ML23073A380,1146,2437,0,12917
2026-07-12T22:04:07,claude-sonnet-5,ML21274A418,1728,4260,0,12917
2026-07-12T22:04:07,claude-sonnet-5,ML23338A184,3392,2927,12917,0
2026-07-12T22:04:07,claude-sonnet-5,ML24158A065,3972,4473,0,12917
2026-07-12T22:04:07,claude-sonnet-5,ML24185A151,4611,4193,0,12917
2026-07-12T22:04:07,claude-sonnet-5,ML23362A034,1984,3746,12917,0
2026-07-12T22:04:07,claude-sonnet-5,ML23163A217,1582,3470,0,12917
2026-07-12T22:04:07,claude-sonnet-5,ML24060A312,3573,4274,0,12917
2026-07-12T22:04:07,claude-sonnet-5,ML22304A225,2660,3777,0,12917
2026-07-12T22:04:07,claude-sonnet-5,ML25133A192,878,1960,12917,0
2026-07-12T22:04:07,claude-sonnet-5,ML24194A149,1009,2902,0,12917
2026-07-12T22:04:07,claude-sonnet-5,ML21231A137,2049,4109,12917,0
2026-07-12T22:04:07,claude-sonnet-5,ML21053A128,2552,4128,0,12917
2026-07-12T22:04:07,claude-sonnet-5,ML23145A012,4586,5559,12917,0
2026-07-12T22:04:07,claude-sonnet-5,ML20107F741,3129,3236,12917,0
2026-07-12T22:04:07,claude-sonnet-5,ML22081A025,1296,2326,0,12917
2026-07-12T22:04:07,claude-sonnet-5,ML23272A104,5112,4222,0,12917
2026-07-12T22:04:07,claude-sonnet-5,ML21351A167,3373,3925,0,12917
2026-07-12T22:04:07,claude-sonnet-5,ML21172A153,3878,3476,0,12917
2026-07-12T22:04:07,claude-sonnet-5,ML24235A156,2447,4029,0,12917
2026-07-12T22:04:07,claude-sonnet-5,ML26127A016,4549,4847,12917,0
2026-07-12T22:04:07,claude-sonnet-5,ML24144A277,2694,5109,0,12917
2026-07-12T22:04:07,claude-sonnet-5,ML20345A083,1676,4448,0,12917
2026-07-12T22:04:07,claude-sonnet-5,ML22307A260,2125,4483,12917,0
2026-07-12T22:04:07,claude-sonnet-5,ML21063A252,2245,4262,0,12917
2026-07-12T22:04:07,claude-sonnet-5,ML21250A131,7655,7219,12917,0
2026-07-12T22:04:07,claude-sonnet-5,ML25143A260,2115,3974,0,12917
2026-07-12T22:04:07,claude-sonnet-5,ML23137A275,2986,3822,0,12917
2026-07-12T22:04:07,claude-sonnet-5,ML22080A215,3122,5447,12917,0
2026-07-12T22:04:07,claude-sonnet-5,ML22307A292,3274,4015,0,12917
2026-07-12T22:04:07,claude-sonnet-5,ML21130A027,3288,5845,0,12917
2026-07-12T22:04:07,claude-sonnet-5,ML22349A023,4131,3679,0,12917
2026-07-12T22:04:07,claude-sonnet-5,ML20269A248,3298,3948,0,12917
2026-07-12T22:04:07,claude-sonnet-5,ML20322A166,4779,3461,12917,0
2026-07-12T22:04:07,claude-sonnet-5,ML22327A176,2676,3275,12917,0
2026-07-12T22:04:07,claude-sonnet-5,ML24239A788,1586,3813,12917,0
2026-07-12T22:04:07,claude-sonnet-5,ML22181A122,4455,4619,12917,0
2026-07-12T22:04:07,claude-sonnet-5,ML23317A359,2457,4174,0,12917
2026-07-12T22:04:07,claude-sonnet-5,ML24045A152,1757,3748,12917,0
2026-07-12T22:04:07,claude-sonnet-5,ML21327A021,3465,3836,12917,0
2026-07-12T22:04:07,claude-sonnet-5,ML23270B916,1597,4315,0,12917
2026-07-12T22:04:07,claude-sonnet-5,ML25009A011,1295,4092,0,12917
2026-07-12T22:04:07,claude-sonnet-5,ML22038A211,4678,4303,0,12917
2026-07-12T22:04:07,claude-sonnet-5,ML24087A196,1556,3111,0,12917
2026-07-12T22:04:07,claude-sonnet-5,ML24081A153,3510,5399,0,12917
2026-07-12T22:04:07,claude-sonnet-5,ML24183A214,2513,4082,0,12917
2026-07-12T22:04:07,claude-sonnet-5,ML24193A307,2738,4443,12917,0
2026-07-12T22:04:07,claude-sonnet-5,ML24039A130,1759,3340,12917,0
2026-07-12T22:04:07,claude-sonnet-5,ML23037A992,4202,5654,0,12917
2026-07-12T22:04:07,claude-sonnet-5,ML24171A018,2737,4747,12917,0
2026-07-12T22:04:07,claude-sonnet-5,ML24212A077,2133,3600,12917,0
2026-07-12T22:04:07,claude-sonnet-5,ML23334A051,2493,4337,12917,0
2026-07-12T22:04:07,claude-sonnet-5,ML22316A021,4657,4288,0,12917
2026-07-12T22:04:07,claude-sonnet-5,ML23053A162,2529,4963,0,12917
2026-07-12T22:04:07,claude-sonnet-5,ML23271A098,3219,4237,0,12917
2026-07-12T22:04:07,claude-sonnet-5,ML22021B551,2087,3809,0,12917
2026-07-12T22:04:07,claude-sonnet-5,ML21021A366,1945,3453,12917,0
2026-07-12T22:04:07,claude-sonnet-5,ML21008A571,1343,2915,12917,0
2026-07-12T22:04:07,claude-sonnet-5,ML22018A025,4296,6339,12917,0
2026-07-12T22:04:07,claude-sonnet-5,ML24275A213,5645,4537,0,12917
2026-07-12T22:04:07,claude-sonnet-5,ML25021A128,2978,3189,12917,0
2026-07-12T22:04:07,claude-sonnet-5,ML24184B867,3802,4098,12917,0
2026-07-12T22:04:07,claude-sonnet-5,ML23095A088,1710,3971,0,12917
2026-07-12T22:04:07,claude-sonnet-5,ML21074A307,3286,4822,0,12917
2026-07-12T22:04:07,claude-sonnet-5,ML20192A112,3741,5409,0,12917
2026-07-12T22:04:07,claude-sonnet-5,ML21195A186,2415,4923,12917,0
2026-07-12T22:04:07,claude-sonnet-5,ML21336A340,19756,3467,0,12917
2026-07-12T22:04:07,claude-sonnet-5,ML21040A515,6919,5353,12917,0
2026-07-12T22:04:07,claude-sonnet-5,ML24233A245,2202,3584,12917,0
2026-07-12T22:04:07,claude-sonnet-5,ML24064A255,3209,3929,12917,0
2026-07-12T22:04:07,claude-sonnet-5,ML23353A063,2796,3466,0,12917
2026-07-12T22:04:07,claude-sonnet-5,ML23229A506,2345,3879,12917,0
2026-07-12T22:04:07,claude-sonnet-5,ML21228A259,2884,3443,12917,0
2026-07-12T22:04:07,claude-sonnet-5,ML25183A213,3555,5493,0,12917
2026-07-12T22:04:07,claude-sonnet-5,ML25010A346,4161,6218,12917,0
2026-07-12T22:04:07,claude-sonnet-5,ML26037A200,5709,6649,0,12917
2026-07-12T22:04:07,claude-sonnet-5,ML24269A205,1067,3566,0,12917
2026-07-12T22:04:07,claude-sonnet-5,ML22012A400,2075,4662,12917,0
2026-07-12T22:04:07,claude-sonnet-5,ML24087A215,3946,3990,0,12917
2026-07-12T22:04:07,claude-sonnet-5,ML23151A370,3847,3057,12917,0
2026-07-12T22:04:07,claude-sonnet-5,ML24051A155,3767,4681,12917,0
2026-07-12T22:04:07,claude-sonnet-5,ML21314A023,2416,3151,0,12917
2026-07-12T22:04:07,claude-sonnet-5,ML24239A847,2455,4989,12917,0
2026-07-12T22:04:07,claude-sonnet-5,ML25295A001,2528,3752,0,12917
2026-07-12T22:04:07,claude-sonnet-5,ML20324A632,2953,3357,0,12917
2026-07-12T22:04:07,claude-sonnet-5,ML25055A256,3308,5087,12917,0
2026-07-12T22:04:07,claude-sonnet-5,ML25021A090,3442,4004,0,12917
2026-07-12T22:04:07,claude-sonnet-5,ML26057A156,3589,4769,12917,0
2026-07-12T22:04:07,claude-sonnet-5,ML25090A171,3834,4061,0,12917
2026-07-12T22:04:07,claude-sonnet-5,ML21039A557,2835,5804,0,12917
2026-07-12T22:04:07,claude-sonnet-5,ML24344A153,1348,3687,12917,0
2026-07-12T22:04:07,claude-sonnet-5,ML26013A295,2800,3778,12917,0
2026-07-12T22:04:07,claude-sonnet-5,ML23159A223,1508,4214,0,12917
2026-07-12T22:04:07,claude-sonnet-5,ML25077A032,3097,5250,0,12917
2026-07-12T22:04:07,claude-sonnet-5,ML25036A236,1483,3578,12917,0
2026-07-12T22:04:07,claude-sonnet-5,ML22353A609,1270,3081,0,12917
2026-07-12T22:04:07,claude-sonnet-5,ML24121A002,2402,3918,0,12917
2026-07-12T22:04:07,claude-sonnet-5,ML25043A286,2483,3695,12917,0
2026-07-12T22:04:07,claude-sonnet-5,ML20357B113,3428,4675,0,12917
2026-07-12T22:04:07,claude-sonnet-5,ML22364A273,2656,4039,12917,0
2026-07-12T22:04:07,claude-sonnet-5,ML25283A066,3918,5076,0,12917
2026-07-12T22:04:07,claude-sonnet-5,ML24092A190,4095,4082,12917,0
2026-07-12T22:04:07,claude-sonnet-5,ML21336A082,2752,3204,0,12917
2026-07-12T22:04:07,claude-sonnet-5,ML23167A468,1754,4405,12917,0
2026-07-12T22:04:07,claude-sonnet-5,ML25111A262,2039,3442,0,12917
2026-07-12T22:04:07,claude-sonnet-5,ML23192A759,4245,4773,12917,0
2026-07-12T22:04:07,claude-sonnet-5,ML22019A270,2538,4065,12917,0
2026-07-12T22:04:07,claude-sonnet-5,ML22339A029,2013,3035,0,12917
2026-07-12T22:04:07,claude-sonnet-5,ML22066B310,5052,4564,0,12917
2026-07-12T22:04:07,claude-sonnet-5,ML24346A412,3322,4252,12917,0
2026-07-12T22:04:07,claude-sonnet-5,ML22362A073,3246,4936,12917,0
2026-07-12T22:04:07,claude-sonnet-5,ML25311A147,6496,6183,12917,0
2026-07-12T22:04:07,claude-sonnet-5,ML21292A181,4344,4504,0,12917
2026-07-12T22:04:07,claude-sonnet-5,ML24155A195,2414,4003,12917,0
2026-07-12T22:04:07,claude-sonnet-5,ML25274A076,1565,4645,12917,0
2026-07-12T22:04:07,claude-sonnet-5,ML21126A316,1215,2569,0,12917
2026-07-12T22:04:07,claude-sonnet-5,ML22187A109,3373,4828,0,12917
2026-07-12T22:04:07,claude-sonnet-5,ML23177A043,5466,5773,0,12917
2026-07-12T22:04:07,claude-sonnet-5,ML24268A312,1669,4115,0,12917
2026-07-12T22:04:07,claude-sonnet-5,ML24162A088,2823,3970,12917,0
2026-07-12T22:04:07,claude-sonnet-5,ML24008A243,1928,3114,12917,0
2026-07-12T22:04:07,claude-sonnet-5,ML24032A443,2267,4196,0,12917
2026-07-12T22:04:07,claude-sonnet-5,ML24354A318,3451,5009,12917,0
2026-07-12T22:04:07,claude-sonnet-5,ML22339A095,2250,4481,0,12917
2026-07-12T22:04:07,claude-sonnet-5,ML25077A289,1280,3198,12917,0
2026-07-12T22:04:07,claude-sonnet-5,ML25156A358,3155,3886,12917,0
2026-07-12T22:04:07,claude-sonnet-5,ML24213A022,2799,5321,0,12917
2026-07-12T22:04:07,claude-sonnet-5,ML21022A042,4401,5883,0,12917
2026-07-12T22:04:07,claude-sonnet-5,ML25336A056,2286,3542,12917,0
2026-07-12T22:04:07,claude-sonnet-5,ML25307A235,1005,2830,0,12917
2026-07-12T22:04:07,claude-sonnet-5,ML21322A283,1611,3404,12917,0
2026-07-12T22:04:07,claude-sonnet-5,ML25031A065,1001,2737,0,12917
2026-07-12T22:04:07,claude-sonnet-5,ML26146A061,2624,2818,12917,0
2026-07-12T22:04:07,claude-sonnet-5,ML21110A087,3136,3074,12917,0
2026-07-12T22:04:07,claude-sonnet-5,ML25062A082,3146,3474,12917,0
2026-07-12T22:04:07,claude-sonnet-5,ML24260A227,847,2559,12917,0
2026-07-12T22:04:07,claude-sonnet-5,ML22017A001,2308,4804,0,12917
2026-07-12T22:04:07,claude-sonnet-5,ML22179A366,2995,3971,12917,0
2026-07-12T22:04:07,claude-sonnet-5,ML21102A278,3718,5032,0,12917
2026-07-12T22:04:07,claude-sonnet-5,ML24127A139,3284,3567,12917,0
2026-07-12T22:04:07,claude-sonnet-5,ML20178A322,2791,4718,0,12917
2026-07-12T22:04:07,claude-sonnet-5,ML26029A088,3133,3521,0,12917
2026-07-12T22:04:07,claude-sonnet-5,ML20157A121,3550,4491,12917,0
2026-07-12T22:04:07,claude-sonnet-5,ML20181A414,3015,4098,0,12917
2026-07-12T22:04:07,claude-sonnet-5,ML21350A425,2381,3515,12917,0
2026-07-12T22:04:07,claude-sonnet-5,ML21230A251,2957,3837,0,12917
2026-07-12T22:04:07,claude-sonnet-5,ML21180A302,5267,5563,12917,0
2026-07-12T22:04:07,claude-sonnet-5,ML22235A106,3220,5021,0,12917
2026-07-12T22:04:07,claude-sonnet-5,ML23051A019,4827,3796,0,12917
2026-07-12T22:04:07,claude-sonnet-5,ML25282A050,3570,3633,12917,0
2026-07-12T22:04:07,claude-sonnet-5,ML26096A453,3000,5782,12917,0
2026-07-12T22:04:07,claude-sonnet-5,ML26096A050,3178,4520,0,12917
2026-07-12T22:04:07,claude-sonnet-5,ML22334A222,2245,3026,12917,0
2026-07-12T22:04:07,claude-sonnet-5,ML21043A098,3830,3920,12917,0
2026-07-12T22:04:07,claude-sonnet-5,ML23271A132,2111,3635,12917,0
2026-07-12T22:04:07,claude-sonnet-5,ML22230C557,2988,4640,12917,0
2026-07-12T22:04:07,claude-sonnet-5,ML25268A017,413,1203,12917,0
2026-07-12T22:04:07,claude-sonnet-5,ML24015A002,3857,3995,12917,0
2026-07-12T22:04:07,claude-sonnet-5,ML23207A220,5653,5795,0,12917
2026-07-12T22:04:07,claude-sonnet-5,ML20197A177,3719,4030,12917,0
2026-07-12T22:04:07,claude-sonnet-5,ML24366A126,2430,3157,12917,0
2026-07-12T22:04:07,claude-sonnet-5,ML20171A496,3233,3975,12917,0
2026-07-12T22:04:07,claude-sonnet-5,ML24249A109,2125,4806,12917,0
2026-07-12T22:04:07,claude-sonnet-5,ML24250A052,1462,4155,12917,0
2026-07-12T22:05:10,claude-sonnet-5,ML21305A874,546,1448,0,12917
2026-07-12T22:05:10,claude-sonnet-5,ML23364A001,612,2028,0,12917
2026-07-12T22:05:10,claude-sonnet-5,ML21152A033,1655,3271,0,12917
2026-07-12T22:05:10,claude-sonnet-5,ML25161A146,1930,4142,0,12917
2026-07-12T22:06:09,claude-sonnet-5,ML20315A447,2791,4245,0,12917
2026-07-12T22:06:09,claude-sonnet-5,ML20297A536,2763,3463,0,12917
2026-07-12T22:06:09,claude-sonnet-5,ML22334A222,2631,3876,0,12917
2026-07-12T22:06:09,claude-sonnet-5,ML21182A044,3136,4685,0,12917
2026-07-12T22:06:09,claude-sonnet-5,ML20157A121,3791,3825,0,12917
2026-07-12T22:06:09,claude-sonnet-5,ML21092A022,6268,5608,0,12917
2026-07-12T22:06:09,claude-sonnet-5,ML24015A002,4044,4227,0,12917
2026-07-12T22:06:09,claude-sonnet-5,ML22353A631,5461,3294,0,12917
2026-07-12T22:06:09,claude-sonnet-5,ML24193A211,1256,2731,0,12917
2026-07-12T22:06:09,claude-sonnet-5,ML24327A098,2863,4763,0,12917
2026-07-12T22:06:09,claude-sonnet-5,ML24242A163,8529,8192,0,12917
2026-07-12T22:06:09,claude-sonnet-5,ML24235A178,8832,7845,0,12917
2026-07-12T22:06:09,claude-sonnet-5,ML24358A097,6445,4677,0,12917
2026-07-12T22:06:09,claude-sonnet-5,ML25066A110,3113,3718,0,12917
2026-07-12T22:08:10,claude-sonnet-5,ML24242A163,8568,8192,0,12917
